"Benchmark","Mode","Threads","Samples","Score","Score Error (99,9%)","Unit","Param: cenario","Param: fatorCarga","Param: n","Param: tamanho","Param: tipoDado","Param: tipoHash"
"benchmark.MainBenchmark.testGetExistente","avgt",1,3,"29810,342413","845,698151","ns/op",NUMERICO,0.5,10000,7,INT,MULTIPLICACAO
"benchmark.MainBenchmark.testGetExistente","avgt",1,3,"35136,600237","1337,770229","ns/op",NUMERICO,0.75,10000,7,INT,MULTIPLICACAO
"benchmark.MainBenchmark.testGetExistente","avgt",1,3,"37119,740272","1475,257850","ns/op",NUMERICO,0.9,10000,7,INT,MULTIPLICACAO
"benchmark.MainBenchmark.testPut","avgt",1,3,"162151,897248","1582,415297","ns/op",NUMERICO,0.5,10000,7,INT,MULTIPLICACAO
"benchmark.MainBenchmark.testPut","avgt",1,3,"153886,597326","3087,615209","ns/op",NUMERICO,0.75,10000,7,INT,MULTIPLICACAO
"benchmark.MainBenchmark.testPut","avgt",1,3,"155848,797150","2991,234577","ns/op",NUMERICO,0.9,10000,7,INT,MULTIPLICACAO
"benchmark.MainBenchmark.testRemove","avgt",1,3,"259451,810337","111392,756821","ns/op",NUMERICO,0.5,10000,7,INT,MULTIPLICACAO
"benchmark.MainBenchmark.testRemove","avgt",1,3,"252113,920628","67773,625655","ns/op",NUMERICO,0.75,10000,7,INT,MULTIPLICACAO
"benchmark.MainBenchmark.testRemove","avgt",1,3,"239235,724265","84362,110798","ns/op",NUMERICO,0.9,10000,7,INT,MULTIPLICACAO
